Workbook

Sheet Genel Bakış
B2: E-Ticaret Müşteri Segmentasyonu ve CLV Özeti
B3: Kaynak: Online Retail II Dataset | RFM Analizi + BG/NBD & Gamma-Gamma CLV Modeli
B5: Toplam Müşteri Sayısı | C5: =COUNTA('RFM Verileri'!A2:A100000) -> 5878
B6: Toplam Geçmiş Ciro (£) | C6: =SUM('RFM Verileri'!D2:D100000) -> 17374804
B7: Toplam Tahmini CLV - 12 Ay (£) | C7: =SUM('CLV Tahminleri'!H2:H100000) -> 8196023.2
B10: Segment Dağılımı
B11: Segment | C11: Müşteri Sayısı | D11: Toplam Ciro (£) | E11: Toplam CLV (£)
B12: Champions | C12: =COUNTIF('RFM Verileri'!$I:$I,B12) -> 1297 | D12: =SUMIF('RFM Verileri'!$I:$I,B12,'RFM Verileri'!$D:$D) -> 11859591 | E12: =SUMPRODUCT(('RFM Verileri'!$I$2:$I$100000=B12)*'CLV Tahminleri'!$H$2:$H$100000) -> 5702399.2
B13: Loyal Customers | C13: =COUNTIF('RFM Verileri'!$I:$I,B13) -> 1138 | D13: =SUMIF('RFM Verileri'!$I:$I,B13,'RFM Verileri'!$D:$D) -> 2566643.7 | E13: =SUMPRODUCT(('RFM Verileri'!$I$2:$I$100000=B13)*'CLV Tahminleri'!$H$2:$H$100000) -> 1401749.5
B14: Need Attention | C14: =COUNTIF('RFM Verileri'!$I:$I,B14) -> 1497 | D14: =SUMIF('RFM Verileri'!$I:$I,B14,'RFM Verileri'!$D:$D) -> 1250296.8 | E14: =SUMPRODUCT(('RFM Verileri'!$I$2:$I$100000=B14)*'CLV Tahminleri'!$H$2:$H$100000) -> 383729.23
B15: At Risk | C15: =COUNTIF('RFM Verileri'!$I:$I,B15) -> 223 | D15: =SUMIF('RFM Verileri'!$I:$I,B15,'RFM Verileri'!$D:$D) -> 982122.18 | E15: =SUMPRODUCT(('RFM Verileri'!$I$2:$I$100000=B15)*'CLV Tahminleri'!$H$2:$H$100000) -> 164987.81
B16: New Customers | C16: =COUNTIF('RFM Verileri'!$I:$I,B16) -> 443 | D16: =SUMIF('RFM Verileri'!$I:$I,B16,'RFM Verileri'!$D:$D) -> 392267.02 | E16: =SUMPRODUCT(('RFM Verileri'!$I$2:$I$100000=B16)*'CLV Tahminleri'!$H$2:$H$100000) -> 518585.99
B17: Hibernating | C17: =COUNTIF('RFM Verileri'!$I:$I,B17) -> 1280 | D17: =SUMIF('RFM Verileri'!$I:$I,B17,'RFM Verileri'!$D:$D) -> 323883.11 | E17: =SUMPRODUCT(('RFM Verileri'!$I$2:$I$100000=B17)*'CLV Tahminleri'!$H$2:$H$100000) -> 24571.429

Sheet RFM Verileri
A1: Customer ID | B1: Recency (gün) | C1: Frequency (sipariş) | D1: Monetary (£) | E1: R_Score | F1: F_Score | G1: M_Score | H1: RFM_Score | I1: Segment
A2: 12346 | B2: 326 | C2: 12 | D2: 77556.46 | E2: 2 | F2: 5 | G2: 5 | H2: 255 | I2: At Risk
A3: 12347 | B3: 2 | C3: 8 | D3: 4921.53 | E3: 5 | F3: 4 | G3: 5 | H3: 545 | I3: Champions
A4: 12348 | B4: 75 | C4: 5 | D4: 2019.4 | E4: 3 | F4: 4 | G4: 4 | H4: 344 | I4: Loyal Customers
A5: 12349 | B5: 19 | C5: 4 | D5: 4428.69 | E5: 5 | F5: 3 | G5: 5 | H5: 535 | I5: Loyal Customers
A6: 12350 | B6: 310 | C6: 1 | D6: 334.4 | E6: 2 | F6: 1 | G6: 2 | H6: 212 | I6: Hibernating
A7: 12351 | B7: 375 | C7: 1 | D7: 300.93 | E7: 2 | F7: 1 | G7: 2 | H7: 212 | I7: Hibernating
A8: 12352 | B8: 36 | C8: 10 | D8: 2849.84 | E8: 4 | F8: 5 | G8: 4 | H8: 454 | I8: Champions
A9: 12353 | B9: 204 | C9: 2 | D9: 406.76 | E9: 2 | F9: 2 | G9: 2 | H9: 222 | I9: Hibernating
A10: 12354 | B10: 232 | C10: 1 | D10: 1079.4 | E10: 2 | F10: 1 | G10: 3 | H10: 213 | I10: Need Attention
A11: 12355 | B11: 214 | C11: 2 | D11: 947.61 | E11: 2 | F11: 2 | G11: 3 | H11: 223 | I11: Need Attention
A12: 12356 | B12: 23 | C12: 6 | D12: 6371.73 | E12: 4 | F12: 4 | G12: 5 | H12: 445 | I12: Champions
A13: 12357 | B13: 33 | C13: 3 | D13: 18287.66 | E13: 4 | F13: 3 | G13: 5 | H13: 435 | I13: Loyal Customers
... A5879: 18287 | B5879: 43 | C5879: 7 | D5879: 4182.99 | E5879: 4 | F5879: 4 | G5879: 5 | H5879: 445 | I5879: Champions

Sheet CLV Tahminleri
A1: Customer ID | B1: Tekrar Sipariş Sayısı | C1: Recency - lifetimes (gün) | D1: Gözlem Süresi T (gün) | E1: Ort. Tekrar Sipariş Tutarı (£) | F1: Tahmini Sipariş (90 gün) | G1: Aktif Kalma Olasılığı | H1: Tahmini CLV - 12 Ay (£) | I1: CLV Katmanı
A2: 12346 | B2: 7 | C2: 400 | D2: 725 | E2: 11066.637 | F2: 0.54524374 | G2: 0.62553102 | H2: 22429.86 | I2: Yüksek Potansiyel
A3: 12347 | B3: 7 | C3: 402 | D3: 404 | E3: 615.71429 | F3: 1.4514035 | G3: 0.98960023 | H3: 3311.6024 | I3: Yüksek Potansiyel
A4: 12348 | B4: 4 | C4: 363 | D4: 438 | E4: 449.31 | F4: 0.8025866 | G4: 0.96428763 | H4: 1343.4884 | I4: Yüksek Potansiyel
A5: 12349 | B5: 3 | C5: 571 | D5: 589 | E5: 1120.0567 | F5: 0.490802 | G5: 0.97539328 | H5: 2049.3415 | I5: Yüksek Potansiyel
A6: 12350 | B6: 0 | C6: 0 | D6: 310 | E6: 0 | F6: 0.15876623 | G6: 1 | H6: 0 | I6: Düşük Potansiyel
A7: 12351 | B7: 0 | C7: 0 | D7: 375 | E7: 0 | F7: 0.13540504 | G7: 1 | H7: 0 | I7: Düşük Potansiyel
A8: 12352 | B8: 8 | C8: 356 | D8: 392 | E8: 338.26125 | F8: 1.6709906 | G8: 0.98208298 | H8: 2097.0077 | I8: Yüksek Potansiyel
A9: 12353 | B9: 1 | C9: 204 | D9: 408 | E9: 89 | F9: 0.27357872 | G9: 0.86662273 | H9: 102.47588 | I9: Orta Potansiyel
A10: 12354 | B10: 0 | C10: 0 | D10: 232 | E10: 0 | F10: 0.20023312 | G10: 1 | H10: 0 | I10: Düşük Potansiyel
A11: 12355 | B11: 1 | C11: 353 | D11: 567 | E11: 459.4 | F11: 0.21123575 | G11: 0.89334018 | H11: 371.59913 | I11: Orta Potansiyel
A12: 12356 | B12: 5 | C12: 402 | D12: 424 | E12: 1092.258 | F12: 1.0210051 | G12: 0.9820612 | H12: 4133.9499 | I12: Yüksek Potansiyel
A13: 12357 | B13: 1 | C13: 355 | D13: 388 | E13: 6207.67 | F13: 0.30862106 | G13: 0.9364188 | H13: 7137.8044 | I13: Yüksek Potansiyel
... A5879: 18287 | B5879: 5 | C5879: 529 | D5879: 571 | E5879: 622.276 | F5879: 0.78359249 | G5879: 0.97969307 | H5879: 1815.9478 | I5879: Yüksek Potansiyel

Sheet Müşteri Tipi
A1: Customer ID | B1: Ortalama Sipariş Değeri (£) | C1: Müşteri Tipi
A2: 12346 | B2: 6463.0383 | C2: B2B/Outlier (Ayrı İncelenmeli)
A3: 12347 | B3: 615.19125 | C3: B2C (Bireysel)
A4: 12348 | B4: 403.88 | C4: B2C (Bireysel)
A5: 12349 | B5: 1107.1725 | C5: B2C (Bireysel)
A6: 12350 | B6: 334.4 | C6: B2C (Bireysel)
A7: 12351 | B7: 300.93 | C7: B2C (Bireysel)
A8: 12352 | B8: 284.984 | C8: B2C (Bireysel)
A9: 12353 | B9: 203.38 | C9: B2C (Bireysel)
A10: 12354 | B10: 1079.4 | C10: B2C (Bireysel)
A11: 12355 | B11: 473.805 | C11: B2C (Bireysel)
A12: 12356 | B12: 1061.955 | C12: B2C (Bireysel)
A13: 12357 | B13: 6095.8867 | C13: B2B/Outlier (Ayrı İncelenmeli)
... A5879: 18287 | B5879: 597.57 | C5879: B2C (Bireysel)
